<?xml version="1.0"?>
<OldManSettings xmlns:xsi="http://www.w3.org/2001/XMLSchema-instance" xmlns:xsd="http://www.w3.org/2001/XMLSchema">

  <!-- ??? -->
  <name>owl_chars/cat_outsider</name>
  <sprite_cells>
    <X>2</X>
    <Y>2</Y>
  </sprite_cells>
  <random_count>3</random_count>
  <position>
    <X>93</X>
    <Y>128</Y>
  </position>
  <home_screen>125</home_screen>
  <font>Default</font>

  <talk_animation>
    <frames>
      <AnimationFrame>
        <sprite_index>2</sprite_index>
        <duration>0.2</duration>
      </AnimationFrame>
      <AnimationFrame>
        <sprite_index>3</sprite_index>
        <duration>0.2</duration>
      </AnimationFrame>      
    </frames>
  </talk_animation>

  <busy_animation>
    <frames>
      <AnimationFrame>
        <sprite_index>0</sprite_index>
        <duration>1</duration>
      </AnimationFrame>
    </frames>
  </busy_animation>

  <bubble_format>
    <direction>Right</direction>
    <anchor>
      <X>Left</X>
      <Y>Down</Y>
    </anchor>
    <width>160</width>
  </bubble_format>

  <trigger_box>
    <screen_rect>
       <X>76</X>
      <Y>78</Y>
      <Width>60</Width>
      <Height>50</Height>
    </screen_rect>
  </trigger_box>

  <talk_delay>1</talk_delay>
  <talking_speed>0.09</talking_speed>

  <!--flag_quotes>
    <OldManFlagQuote>
      <flag>CompletedNBP</flag>
      <quotes>
        <OldManQuote>
          <lines>
            <string>Hihihi!</string>
            <string>Friend is back! Happy happy!</string>
            <string>Play, play!</string>
          </lines>
        </OldManQuote>
      </quotes>
    </OldManFlagQuote>
  </flag_quotes>


  <intro_quote>
  	<lines>
      <string>Hoh? Ooh?</string>
      <string>Yippie! A friend! Happy happy!</string>
      <string>Play, play!</string>
  	</lines>
  </intro_quote-->

  <achievements>
    <OldmanTalkAchievement>
      <code>FIND_9TH_CAT</code>
      <talk_times>1</talk_times>
    </OldmanTalkAchievement>

  </achievements>

  <looping_lines>
<OldManQuote><lines><string>OWL_CAT_QUOTES_MEOW_0</string></lines></OldManQuote>
<OldManQuote><lines><string>OWL_CAT_QUOTES_MEOW_4</string></lines></OldManQuote>
<OldManQuote><lines><string>OWL_CAT_QUOTES_MEOW_1</string></lines></OldManQuote>
<OldManQuote><lines><string>OWL_CAT_QUOTES_MEOW_0</string></lines></OldManQuote>
<OldManQuote><lines><string>OWL_CAT_QUOTES_MEOW_9</string></lines></OldManQuote>
<OldManQuote><lines><string>OWL_CAT_QUOTES_MEOW_2</string></lines></OldManQuote>
<OldManQuote><lines><string>OWL_CAT_QUOTES_MEOW_6</string></lines></OldManQuote>
<OldManQuote><lines><string>OWL_CAT_QUOTES_MEOW_7</string></lines></OldManQuote>
<OldManQuote><lines><string>OWL_CAT_QUOTES_MEOW_1</string></lines></OldManQuote>
<OldManQuote><lines><string>OWL_CAT_QUOTES_MEOW_0</string></lines></OldManQuote>
<OldManQuote><lines><string>OWL_CAT_QUOTES_MEOW_0</string></lines></OldManQuote>
<OldManQuote><lines><string>OWL_CAT_QUOTES_MEOW_5</string></lines></OldManQuote>
<OldManQuote><lines><string>OWL_CAT_QUOTES_MEOW_1</string></lines></OldManQuote>
<OldManQuote><lines><string>OWL_CAT_QUOTES_MEOW_8</string></lines></OldManQuote>
<OldManQuote><lines><string>OWL_CAT_QUOTES_MEOW_3</string></lines></OldManQuote>
<OldManQuote><lines><string>OWL_CAT_QUOTES_MEOW_1</string></lines></OldManQuote>
<OldManQuote><lines><string>OWL_CAT_QUOTES_MEOW_10</string></lines></OldManQuote>
  </looping_lines>

  <screens>

    <OldManScreen>
      <screen>125</screen>
      <quotes>

        <OldManQuote><lines><string>OWL_CAT_QUOTES_MEOW_4</string></lines></OldManQuote>

      </quotes>
    </OldManScreen>

  </screens>
</OldManSettings>

