<?xml version="1.0"?>
<PropSettings xmlns:xsi="http://www.w3.org/2001/XMLSchema-instance" xmlns:xsd="http://www.w3.org/2001/XMLSchema">

  <!-- ??? -->

  <settings>

    <PropSetting>
      <name>Bonfire</name>
      <fps>10</fps>
      <sheet_cells>
        <X>3</X>
        <Y>1</Y>
      </sheet_cells>
    </PropSetting>

    <PropSetting>
      <name>Candle</name>
      <fps>8</fps>
      <sheet_cells>
        <X>2</X>
        <Y>2</Y>
      </sheet_cells>
      <random_offset>true</random_offset>
    </PropSetting>

    <PropSetting>
      <name>DungeonTorch</name>
      <fps>8</fps>
      <sheet_cells>
        <X>2</X>
        <Y>2</Y>
      </sheet_cells>
      <random_offset>true</random_offset>
    </PropSetting>

    <PropSetting>
      <name>DungeonTorch_green</name>
      <fps>8</fps>
      <sheet_cells>
        <X>2</X>
        <Y>2</Y>
      </sheet_cells>
      <random_offset>true</random_offset>
    </PropSetting>

        <PropSetting>
      <name>ovenfire</name>
      <fps>8</fps>
      <sheet_cells>
        <X>3</X>
        <Y>1</Y>
      </sheet_cells>
      <random_offset>true</random_offset>
    </PropSetting>

        <PropSetting>
      <name>kettle</name>
      <fps>8</fps>
      <sheet_cells>
        <X>3</X>
        <Y>1</Y>
      </sheet_cells>
      <random_offset>true</random_offset>
    </PropSetting>

    <PropSetting>
      <name>1_water</name>
      <fps>5</fps>
      <sheet_cells>
        <X>1</X>
        <Y>2</Y>
      </sheet_cells>
    </PropSetting>

    <PropSetting>
      <name>SewerDrop</name>
      <fps>12</fps>
      <sheet_cells>
        <X>10</X>
        <Y>1</Y>
      </sheet_cells>
    </PropSetting>

    <PropSetting>
      <name>Flag</name>
      <fps>8</fps>
      <sheet_cells>
        <X>2</X>
        <Y>5</Y>
      </sheet_cells>
    </PropSetting>

    <PropSetting>
      <name>gargoyle</name>
      <fps>0.5</fps>
      <frames>
        <float>4</float>
        <float>0.1</float>
        <float>3</float>
        <float>0.1</float>
        <float>3.5</float>
        <float>0.1</float>
        <float>4.5</float>
        <float>0.1</float>
        <float>6</float>
        <float>0.1</float>
      </frames>
      <sheet_cells>
        <X>2</X>
        <Y>1</Y>
      </sheet_cells>
      <random_offset>true</random_offset>
    </PropSetting>

     <PropSetting>
      <name>dust1</name>
      <fps>8</fps>
        <frames>
        <float>5</float>
        <float>0.1</float>
        <float>0.1</float>
        <float>0.1</float>
        <float>0.1</float>
        <float>0.1</float>
        <float>0.1</float>
        <float>0.1</float>
        <float>0.1</float>
        <float>0.1</float>
        <float>0.1</float>
        <float>0.1</float>
        <float>0.1</float>
        <float>0.1</float>
        <float>0.1</float>
        <float>3</float>
        <float>0.1</float>
        <float>0.1</float>
        <float>0.1</float>
        <float>0.1</float>
        <float>0.1</float>
        <float>0.1</float>
        <float>0.1</float>
        <float>0.1</float>
        <float>0.1</float>
        <float>0.1</float>
        <float>0.1</float>
        <float>0.1</float>
        <float>0.1</float>
        <float>0.1</float>
      </frames>
      <sheet_cells>
        <X>15</X>
        <Y>1</Y>
      </sheet_cells>
      <random_offset>true</random_offset>
    </PropSetting>

     <PropSetting>
      <name>dust2</name>
      <fps>8</fps>
      	<frames>
        <float>4</float>
        <float>0.1</float>
        <float>0.1</float>
        <float>0.1</float>
        <float>0.1</float>
        <float>0.1</float>
        <float>0.1</float>
        <float>0.1</float>
        <float>0.1</float>
        <float>0.1</float>
        <float>0.1</float>
        <float>0.1</float>
        <float>0.1</float>
        <float>0.1</float>
        <float>0.1</float>
        <float>2</float>
        <float>0.1</float>
        <float>0.1</float>
        <float>0.1</float>
        <float>0.1</float>
        <float>0.1</float>
        <float>0.1</float>
        <float>0.1</float>
        <float>0.1</float>
        <float>0.1</float>
        <float>0.1</float>
        <float>0.1</float>
        <float>0.1</float>
        <float>0.1</float>
        <float>0.1</float>
      </frames>
      <sheet_cells>
        <X>15</X>
        <Y>1</Y>
      </sheet_cells>
      <random_offset>true</random_offset>
    </PropSetting>

     <PropSetting>
      <name>dust3</name>
      <fps>8</fps>
        <frames>
        <float>4</float>
        <float>0.1</float>
        <float>0.1</float>
        <float>0.1</float>
        <float>0.1</float>
        <float>0.1</float>
        <float>0.1</float>
        <float>0.1</float>
        <float>0.1</float>
        <float>0.1</float>
        <float>0.1</float>
        <float>0.1</float>
        <float>0.1</float>
        <float>0.1</float>
        <float>0.1</float>
        <float>2</float>
        <float>0.1</float>
        <float>0.1</float>
        <float>0.1</float>
        <float>0.1</float>
        <float>0.1</float>
        <float>0.1</float>
        <float>0.1</float>
        <float>0.1</float>
        <float>0.1</float>
        <float>0.1</float>
        <float>0.1</float>
        <float>0.1</float>
        <float>0.1</float>
        <float>0.1</float>s
      </frames>
      <sheet_cells>
        <X>15</X>
        <Y>1</Y>
      </sheet_cells>
      <random_offset>true</random_offset>
    </PropSetting>

    <PropSetting>
      <name>grammofon</name>
      <fps>6</fps>
      <sheet_cells>
        <X>2</X>
        <Y>1</Y>
      </sheet_cells>
    </PropSetting>

    <PropSetting>
      <name>snake_body</name>
      <fps>10</fps>
      <frames>
        <float>0.4</float>
        <float>0.6</float>
        <float>0.4</float>
        <float>0.6</float>
      </frames>
      <sheet_cells>
        <X>4</X>
        <Y>1</Y>
      </sheet_cells>
      <random_offset>true</random_offset>
    </PropSetting>

    <PropSetting>
      <name>fairy</name>
      <fps>5</fps>
      <sheet_cells>
        <X>4</X>
        <Y>2</Y>
      </sheet_cells>
      <random_offset>true</random_offset>
    </PropSetting>

    <PropSetting>
      <name>cage_bird</name>
      <fps>5</fps>
      <frames>
        <float>0.4</float>
        <float>1</float>
        <float>3</float>
        <float>0.3</float>
        <float>0.6</float>
        <float>2</float>
        <float>0.8</float>
        <float>1</float>
        <float>1</float>
        <float>0.6</float>
        <float>0.2</float>
        <float>2</float>
      </frames>
      <sheet_cells>
        <X>4</X>
        <Y>1</Y>
      </sheet_cells>
      <random_offset>true</random_offset>
    </PropSetting>

    <PropSetting>
      <name>nbp_entrance</name>
      <fps>1</fps>
      <sheet_cells>
        <X>1</X>
        <Y>1</Y>
      </sheet_cells>
    </PropSetting>

    <PropSetting>
      <name>nbp_entrance2</name>
      <fps>1</fps>
      <sheet_cells>
        <X>1</X>
        <Y>1</Y>
      </sheet_cells>
    </PropSetting>

    <PropSetting>
      <name>dark_particle</name>
      <fps>8</fps>
      <sheet_cells>
        <X>4</X>
        <Y>2</Y>
      </sheet_cells>
      <random_offset>true</random_offset>
    </PropSetting>

    <PropSetting>
      <name>light_particle</name>
      <fps>8</fps>
      <sheet_cells>
        <X>4</X>
        <Y>2</Y>
      </sheet_cells>
      <random_offset>true</random_offset>
    </PropSetting>

    <PropSetting>
      <name>babeghost</name>
      <fps>0.5</fps>
      <frames>
        <float>300</float>
        <float>0.3</float>
        <float>0.3</float>
        <float>3</float>
        <float>0.3</float>
        <float>0.3</float>
      </frames>
      <sheet_cells>
        <X>2</X>
        <Y>3</Y>
      </sheet_cells>
      <random_offset>true</random_offset>
    </PropSetting>

    <PropSetting>
      <name>owl_entrance</name>
      <fps>1</fps>
      <sheet_cells>
        <X>1</X>
        <Y>1</Y>
      </sheet_cells>
    </PropSetting>

    <PropSetting>
      <name>owl_gargoyle</name>
      <fps>0.5</fps>
      <frames>
        <float>0.3</float>
        <float>0.3</float>
      </frames>      
      <sheet_cells>
        <X>2</X>
        <Y>1</Y>
      </sheet_cells>
      <random_offset>false</random_offset>
    </PropSetting>

    <PropSetting>
      <name>cat_lantern</name>
      <fps>8</fps>
      <sheet_cells>
        <X>2</X>
        <Y>2</Y>
      </sheet_cells>
      <random_offset>true</random_offset>
    </PropSetting>

    <PropSetting>
      <name>ghost_platform</name>
      <fps>0.5</fps>
      <frames>
        <float>30</float>
        <float>0.3</float>
        <float>0.3</float>
        <float>8</float>
        <float>0.3</float>
        <float>0.3</float>
        <float>0.3</float>
        <float>0.3</float>
        <float>0.3</float>
        <float>0.3</float>
      </frames>
      <sheet_cells>
        <X>2</X>
        <Y>5</Y>
      </sheet_cells>
      <random_offset>true</random_offset>
    </PropSetting>

    <PropSetting>
      <name>rune</name>
      <fps>1</fps>
      <sheet_cells>
        <X>1</X>
        <Y>1</Y>
      </sheet_cells>
    </PropSetting>

  </settings>
</PropSettings>