<LevelSettings xmlns:xsi="http://www.w3.org/2001/XMLSchema-instance" xmlns:xsd="http://www.w3.org/2001/XMLSchema">
	
	<!-- About the mod -->
	<About>
		<title>Sample Custom Level</title>
		<ending_screen>2</ending_screen>
	</About>
	
	<!-- Custom images after ending -->
	<Ending>
		<MainBabe>imagecrown</MainBabe>
		<MainItem>
			<item>Shoes</item>
			<image>imageshoes</image>
		</MainItem>
	</Ending>
	
	<!-- Ending lines for finishing the mod -->
	<EndingLines>
		<Credit>
			<header>Sample custom level</header>
			<people>
				<string>Phoenixx19</string>
			</people>
		</Credit>
		<Credit>
			<header>CREDITS_SPECIAL_THANKS_TO</header>
			<people>
				<string>Erik Säll</string>
			</people>
		</Credit>
	</EndingLines>
	
</LevelSettings>