<?xml version="1.0"?>
<SetSettings xmlns:xsi="http://www.w3.org/2001/XMLSchema-instance" xmlns:xsd="http://www.w3.org/2001/XMLSchema">
  <enabled>true</enabled>
  <Reskins>
    <Reskin>
      <skin>NULL</skin>
      <name>jingbase</name>
    </Reskin>
    <Reskin>
      <skin>Crown</skin>
      <name>jingcrown</name>
    </Reskin>
    <Reskin>
      <skin>Shoes</skin>
      <name>jingshoes</name>
    </Reskin>
    <Reskin>
      <skin>CrownNBP</skin>
      <name>jingcrown_nbp</name>
    </Reskin>
    <Reskin>
      <skin>SnakeRing</skin>
      <name>jingring</name>
    </Reskin>
    <Reskin>
      <skin>GiantBoots</skin>
      <name>jingshoes_iron</name>
    </Reskin>
    <Reskin>
      <skin>Cap</skin>
      <name>jingcap</name>
    </Reskin>
    <Reskin>
      <skin>GnomeHat</skin>
      <name>jinggnomehat</name>
    </Reskin>
    <Reskin>
      <skin>Tunic</skin>
      <name>jingtunic</name>
    </Reskin>
    <Reskin>
      <skin>YellowShoes</skin>
      <name>jingyellowshoes</name>
    </Reskin>
    <Reskin>
      <skin>CrownOwl</skin>
      <name>jingcrown_owl</name>
    </Reskin>
    <Reskin>
      <skin>CapeOwl</skin>
      <name>jingcape_owl</name>
    </Reskin>
  </Reskins>
</SetSettings>