<?xml version="1.0"?>
<MerchantSettings xmlns:xsi="http://www.w3.org/2001/XMLSchema-instance" xmlns:xsd="http://www.w3.org/2001/XMLSchema">

  <sale_item>YellowShoes</sale_item>
  <currency_type>GhostFragment</currency_type>
  <price_increase>4</price_increase>
  <easteregg_amount>69</easteregg_amount>

  <sale_achievements>
    <SaleAchievement>
      <sell_amount>4</sell_amount>
      <code>PURCHASE_YELLOW_SHOES</code>
    </SaleAchievement>
  </sale_achievements>

  <sale_lines>
    <OldManQuote>
      <lines>
        <!--string>Hey pal!</string-->
      </lines>
    </OldManQuote>

   </sale_lines>

<easteregg_lines>
	<OldManQuote>
      <lines>
        <string>I could have done better but nice!</string>
      </lines>
    </OldManQuote>
  </easteregg_lines>

  <sell_quote>
    <lines>
      <string>OWL_MOLD_MAN_GHOST_LADY_FRAGMENTS_LINE_0</string>
      <string>OWL_MOLD_MAN_GHOST_LADY_FRAGMENTS_LINE_1</string>
      <string>OWL_MOLD_MAN_GHOST_LADY_FRAGMENTS_LINE_2</string>
      <string>OWL_MOLD_MAN_GHOST_LADY_FRAGMENTS_LINE_3</string>
    </lines>
  </sell_quote>

  <sold_lines>
    <OldManQuote>
      <lines>
        <!--string>Hey Brother!</string-->
      </lines>
    </OldManQuote>
  </sold_lines>


  <no_gold_lines>

    <OldManQuote>
      <lines>
        <!--string></string-->
      </lines>
    </OldManQuote>


  </no_gold_lines>

  <!-- _________________________________________________________________________________ -->

  <settings>
  <!-- ??? -->
  <name>owl_chars/owl_mold_man</name>
  <sprite_cells>
    <X>3</X>
    <Y>2</Y>
  </sprite_cells>
  <random_count>6</random_count>
  <position>
    <X>444</X>
    <Y>168</Y>
  </position>
  <home_screen>1</home_screen>
  <font>Default</font>

  <talk_animation>
    <frames>
      <AnimationFrame>
        <sprite_index>0</sprite_index>
        <duration>0.2</duration>
      </AnimationFrame>
      <AnimationFrame>
        <sprite_index>5</sprite_index>
        <duration>0.2</duration>
      </AnimationFrame>
    </frames>
  </talk_animation>

  <busy_animation>
    <frames>
  		<AnimationFrame>
  			<sprite_index>0</sprite_index>
  			<duration>1</duration>
  		</AnimationFrame>
  		<AnimationFrame>
  			<sprite_index>1</sprite_index>
  			<duration>0.4</duration>
  		</AnimationFrame>
  		<AnimationFrame>
  			<sprite_index>2</sprite_index>
  			<duration>0.4</duration>
  		</AnimationFrame>
  		<AnimationFrame>
  			<sprite_index>1</sprite_index>
  			<duration>0.4</duration>
  		</AnimationFrame>
  		<AnimationFrame>
  			<sprite_index>0</sprite_index>
  			<duration>4</duration>
  		</AnimationFrame>
  		<AnimationFrame>
  			<sprite_index>4</sprite_index>
  			<duration>2</duration>
  		</AnimationFrame>
  		<AnimationFrame>
  			<sprite_index>0</sprite_index>
  			<duration>1</duration>
  		</AnimationFrame>
  		<AnimationFrame>
  			<sprite_index>3</sprite_index>
  			<duration>0.5</duration>
  		</AnimationFrame>
  		<AnimationFrame>
  			<sprite_index>4</sprite_index>
  			<duration>0.3</duration>
  		</AnimationFrame>
  		<AnimationFrame>
  			<sprite_index>3</sprite_index>
  			<duration>0.5</duration>
  		</AnimationFrame>
  		<AnimationFrame>
  			<sprite_index>4</sprite_index>
  			<duration>2</duration>
  		</AnimationFrame>
  		<AnimationFrame>
  			<sprite_index>5</sprite_index>
  			<duration>6</duration>
  		</AnimationFrame>  		
    </frames>
  </busy_animation>

  <bubble_format>
    <direction>Left</direction>
    <anchor>
      <X>Right</X>
      <Y>Down</Y>
    </anchor>
    <width>160</width>
  </bubble_format>

  <trigger_box>
    <screen_rect>
      <X>400</X>
      <Y>100</Y>
      <Width>200</Width>
      <Height>200</Height>
    </screen_rect>
  </trigger_box>

  <talk_delay>1</talk_delay>
  <talking_speed>0.09</talking_speed>

  <intro_quote>
    <lines>
	  <string>Wait, where am I?</string>
      <string>OWL_MOLD_MAN_SHE_IS_MY_WIFE_LINE_0</string>
      <string>OWL_MOLD_MAN_SHE_IS_MY_WIFE_LINE_1</string>
      <string>OWL_MOLD_MAN_SHE_IS_MY_WIFE_LINE_2</string>
      <string>OWL_MOLD_MAN_SHE_IS_MY_WIFE_LINE_3</string>
      <string>OWL_MOLD_MAN_SHE_IS_MY_WIFE_LINE_4</string>
      <string>OWL_MOLD_MAN_SHE_IS_MY_WIFE_LINE_5</string>
      <string>OWL_MOLD_MAN_SHE_IS_MY_WIFE_LINE_6</string>
      <string>OWL_MOLD_MAN_SHE_IS_MY_WIFE_LINE_7</string>
    </lines>
  </intro_quote>

  <flag_quotes>
    <!--OldManFlagQuote>
      <flag>CompletedNBP</flag>
      <quotes>
        <OldManQuote>
          <lines>
              <string>OWL_MOLD_MAN_OUT_OF_SIGHT_LINE_0</string>
              <string>OWL_MOLD_MAN_OUT_OF_SIGHT_LINE_1</string>
              <string>OWL_MOLD_MAN_OUT_OF_SIGHT_LINE_2</string>
              <string>OWL_MOLD_MAN_OUT_OF_SIGHT_LINE_3</string>
          </lines>
        </OldManQuote>
      </quotes>
    </OldManFlagQuote-->
  </flag_quotes>

  <achievements>
  </achievements>

  <looping_lines>

    <!--OldManQuote>
      <lines>
        <string>OWL_MOLD_MAN_UNFORTUNATE_FALL_LINE_0</string>
        <string>OWL_MOLD_MAN_UNFORTUNATE_FALL_LINE_1</string>
      </lines>
    </OldManQuote-->

      <OldManQuote>
        <lines>
          <string>OWL_MOLD_MAN_FEELS_SO_GOOD_LINE_0</string>
          <string>OWL_MOLD_MAN_FEELS_SO_GOOD_LINE_1</string>
          <string>OWL_MOLD_MAN_FEELS_SO_GOOD_LINE_2</string>
        </lines>
      </OldManQuote>
    
      <OldManQuote>
        <lines>
          <string>OWL_MOLD_MAN_WAITED_FOR_SO_LONG_LINE_0</string>
          <string>OWL_MOLD_MAN_WAITED_FOR_SO_LONG_LINE_1</string>
        </lines>
      </OldManQuote>

      <OldManQuote>
        <lines>
          <string>OWL_MOLD_MAN_JUST_SIT_AROUND_LINE_0</string>
          <string>OWL_MOLD_MAN_JUST_SIT_AROUND_LINE_1</string>
          <string>OWL_MOLD_MAN_JUST_SIT_AROUND_LINE_2</string>
        </lines>
      </OldManQuote>

        <OldManQuote>
          <lines>
            <string>OWL_MOLD_MAN_I_LOVE_HER_LINE_0</string>
            <string>OWL_MOLD_MAN_I_LOVE_HER_LINE_1</string>
            <string>OWL_MOLD_MAN_I_LOVE_HER_LINE_2</string>
          </lines>
        </OldManQuote>

        <OldManQuote>
          <lines>
            <string>OWL_MOLD_MAN_I_AM_HAPPY_LINE_0</string>
            <string>OWL_MOLD_MAN_I_AM_HAPPY_LINE_1</string>
            <string>OWL_MOLD_MAN_I_AM_HAPPY_LINE_2</string>
          </lines>
        </OldManQuote>

        <OldManQuote>
          <lines>
            <string>OWL_MOLD_MAN_NEED_WIFE_NOW_LINE_0</string>
            <string>OWL_MOLD_MAN_NEED_WIFE_NOW_LINE_1</string>
          </lines>
        </OldManQuote>

        <OldManQuote>
          <lines>
            <string>OWL_MOLD_MAN_KEEP_GOING_LINE_0</string>
            <string>OWL_MOLD_MAN_KEEP_GOING_LINE_1</string>
          </lines>
        </OldManQuote>

        <OldManQuote>
          <lines>
            <string>OWL_MOLD_MAN_SMALL_AND_BIG_PLEASURES_LINE_0</string>
            <string>OWL_MOLD_MAN_SMALL_AND_BIG_PLEASURES_LINE_1</string>
            <string>OWL_MOLD_MAN_SMALL_AND_BIG_PLEASURES_LINE_2</string>
          </lines>
        </OldManQuote>

        <OldManQuote>
          <lines>
            <string>OWL_MOLD_MAN_OHHH_OOOHHHHH_LINE_0</string>
            <string>OWL_MOLD_MAN_OHHH_OOOHHHHH_LINE_1</string>
            <string>OWL_MOLD_MAN_OHHH_OOOHHHHH_LINE_2</string>
          </lines>
        </OldManQuote>

  </looping_lines>

  <screens>

    <OldManScreen>
      <screen>109</screen>
      <quotes>

        <OldManQuote>
          <lines>
            <string>OWL_MOLD_MAN_ALMOST_TIME_FOR_DATE_LINE_0</string>
          </lines>
        </OldManQuote>

      </quotes>
    </OldManScreen>

    <OldManScreen>
      <screen>110</screen>
      <quotes>

        <OldManQuote>
          <lines>
            <string>OWL_MOLD_MAN_THOSE_NASTY_DEMONS_LINE_0</string>
            <string>OWL_MOLD_MAN_THOSE_NASTY_DEMONS_LINE_1</string>
            <string>OWL_MOLD_MAN_THOSE_NASTY_DEMONS_LINE_2</string>
            <string>OWL_MOLD_MAN_THOSE_NASTY_DEMONS_LINE_3</string>
          </lines>
        </OldManQuote>

        <OldManQuote>
          <lines>
            <string>OWL_MOLD_MAN_EVIL_DEMONS_LINE_0</string>
            <string>OWL_MOLD_MAN_EVIL_DEMONS_LINE_1</string>
            <string>OWL_MOLD_MAN_EVIL_DEMONS_LINE_2</string>
            <string>OWL_MOLD_MAN_EVIL_DEMONS_LINE_3</string>
          </lines>
        </OldManQuote>

        <OldManQuote>
          <lines>
            <string>OWL_MOLD_MAN_AN_IDEA_LINE_0</string>
            <string>OWL_MOLD_MAN_AN_IDEA_LINE_1</string>
            <string>OWL_MOLD_MAN_AN_IDEA_LINE_2</string>
          </lines>
        </OldManQuote>

      </quotes>
    </OldManScreen>

    <OldManScreen>
      <screen>117</screen>
      <quotes>

        <OldManQuote>
          <lines>
            <string>OWL_MOLD_MAN_SHE_IS_VERY_SHY_LINE_0</string>
            <string>OWL_MOLD_MAN_SHE_IS_VERY_SHY_LINE_1</string>
            <string>OWL_MOLD_MAN_SHE_IS_VERY_SHY_LINE_2</string>
            <string>OWL_MOLD_MAN_SHE_IS_VERY_SHY_LINE_3</string>
          </lines>
        </OldManQuote>

        <OldManQuote>
          <lines>
            <string>OWL_MOLD_MAN_FEEL_SORRY_FOR_YOU_LINE_0</string>
            <string>OWL_MOLD_MAN_FEEL_SORRY_FOR_YOU_LINE_1</string>
            <string>OWL_MOLD_MAN_FEEL_SORRY_FOR_YOU_LINE_2</string>
          </lines>
        </OldManQuote>

        <OldManQuote>
          <lines>
            <string>OWL_MOLD_MAN_THIS_IS_THE_DREAM_LINE_0</string>
            <string>OWL_MOLD_MAN_THIS_IS_THE_DREAM_LINE_1</string>
            <string>OWL_MOLD_MAN_THIS_IS_THE_DREAM_LINE_2</string>
          </lines>
        </OldManQuote>

      </quotes>
    </OldManScreen>

    <OldManScreen>
      <screen>124</screen>
      <quotes>

    <OldManQuote>
      <lines>
        <string>OWL_MOLD_MAN_MUCH_ALIKE_LINE_0</string>
        <string>OWL_MOLD_MAN_MUCH_ALIKE_LINE_1</string>
      </lines>
    </OldManQuote>

      </quotes>
    </OldManScreen>

    <OldManScreen>
      <screen>137</screen>
      <quotes>

        <OldManQuote>
          <lines>
            <string>OWL_MOLD_MAN_SEE_MY_WIFE_LINE_0</string>
          </lines>
        </OldManQuote>

        <OldManQuote>
          <lines>
            <string>OWL_MOLD_MAN_ANY_MINUTE_NOW_MMMH_LINE_0</string>
            <string>OWL_MOLD_MAN_ANY_MINUTE_NOW_MMMH_LINE_1</string>
            <string>OWL_MOLD_MAN_ANY_MINUTE_NOW_MMMH_LINE_2</string>
          </lines>
        </OldManQuote>

      </quotes>
    </OldManScreen>

    <OldManScreen>
      <screen>140</screen>
      <quotes>

        <OldManQuote>
          <lines>
            <string>OWL_MOLD_MAN_BROTHERS_IN_LAW_LINE_0</string>
            <string>OWL_MOLD_MAN_BROTHERS_IN_LAW_LINE_1</string>
            <string>OWL_MOLD_MAN_BROTHERS_IN_LAW_LINE_2</string>
            <string>OWL_MOLD_MAN_BROTHERS_IN_LAW_LINE_3</string>
            <string>OWL_MOLD_MAN_BROTHERS_IN_LAW_LINE_4</string>
          </lines>
        </OldManQuote>

        <OldManQuote>
          <lines>
            <string>OWL_MOLD_MAN_I_HAVE_A_WIFE_LINE_0</string>
            <string>OWL_MOLD_MAN_I_HAVE_A_WIFE_LINE_1</string>
            <string>OWL_MOLD_MAN_I_HAVE_A_WIFE_LINE_2</string>
            <string>OWL_MOLD_MAN_I_HAVE_A_WIFE_LINE_3</string>
          </lines>
        </OldManQuote>

        <OldManQuote>
          <lines>
            <string>OWL_MOLD_MAN_SCRATCH_MY_HEAD_SCRATCH_IT_LINE_0</string>
            <string>OWL_MOLD_MAN_SCRATCH_MY_HEAD_SCRATCH_IT_LINE_1</string>
            <string>OWL_MOLD_MAN_SCRATCH_MY_HEAD_SCRATCH_IT_LINE_2</string>
            <string>OWL_MOLD_MAN_SCRATCH_MY_HEAD_SCRATCH_IT_LINE_3</string>
          </lines>
        </OldManQuote>

      </quotes>
    </OldManScreen>

    <OldManScreen>
      <screen>148</screen>
      <quotes>

        <OldManQuote>
          <lines>
            <string>OWL_MOLD_MAN_TEA_PARTY_RIGHT_HERE_LINE_0</string>
            <string>OWL_MOLD_MAN_TEA_PARTY_RIGHT_HERE_LINE_1</string>
            <string>OWL_MOLD_MAN_TEA_PARTY_RIGHT_HERE_LINE_2</string>
            <string>OWL_MOLD_MAN_TEA_PARTY_RIGHT_HERE_LINE_3</string>
          </lines>
        </OldManQuote>

      </quotes>
    </OldManScreen>

  </screens>
  </settings>
</MerchantSettings>