<?xml version="1.0"?>
<MerchantSettings xmlns:xsi="http://www.w3.org/2001/XMLSchema-instance" xmlns:xsd="http://www.w3.org/2001/XMLSchema">

  <sale_item>SnakeRing</sale_item>
  <currency_type>Ruby</currency_type>
  <base_price>1</base_price>
  <price_increase>0</price_increase>
  <easteregg_amount>69</easteregg_amount>

  <sale_achievements>
    <SaleAchievement>
      <sell_amount>1</sell_amount>
      <code>BUY_ICERING</code>
    </SaleAchievement>
  </sale_achievements>

  <sale_lines>
    <OldManQuote>
      <lines>
        <string>SNAKE_QUOTES_DOT_DOT_DOT_LINE_0</string>
      </lines>
    </OldManQuote>

   </sale_lines>

<easteregg_lines>
	<OldManQuote>
      <lines>
        <string>Nice...</string>
      </lines>
    </OldManQuote>
  </easteregg_lines>

  <sell_quote>
    <lines>
      <string>SNAKE_QUOTES_BLOOD_RED_STONE_LINE_0</string>
      <string>SNAKE_QUOTES_BLOOD_RED_STONE_LINE_1</string>
    </lines>
  </sell_quote>

  <sold_lines>
    <OldManQuote>
      <lines>
        <string>SNAKE_QUOTES_CONSIDER_LUCKY_LINE_0</string>
      </lines>
    </OldManQuote>

    <OldManQuote>
      <lines>
        <string>SNAKE_QUOTES_TREASURE_OUR_TOKEN_LINE_0</string>
      </lines>
    </OldManQuote>
  </sold_lines>

  <no_gold_lines>

    <OldManQuote>
      <lines>
        <string>SNAKE_QUOTES_DELIVER_THE_BLOOD_RED_STONE_LINE_0</string>
      </lines>
    </OldManQuote>

    <OldManQuote>
      <lines>
        <string>SNAKE_QUOTES_WILL_HE_DELIVER_THE_RED_STONE_LINE_0</string>
      </lines>
    </OldManQuote>

    <OldManQuote>
      <lines>
        <string>SNAKE_QUOTES_YET_TO_PROVE_HIS_WORTH_LINE_0</string>
        <string>SNAKE_QUOTES_YET_TO_PROVE_HIS_WORTH_LINE_1</string>
      </lines>
    </OldManQuote>

    <OldManQuote>
      <lines>
        <string>SNAKE_QUOTES_FOOLISH_ATTACHMENT_TO_GOAL_LINE_0</string>
        <string>SNAKE_QUOTES_FOOLISH_ATTACHMENT_TO_GOAL_LINE_1</string>
      </lines>
    </OldManQuote>

    <OldManQuote>
      <lines>
        <string>SNAKE_QUOTES_CONSIDER_HIS_JUDGEMENT_LINE_0</string>
        <string>SNAKE_QUOTES_CONSIDER_HIS_JUDGEMENT_LINE_1</string>
      </lines>
    </OldManQuote>

  </no_gold_lines>

  <!-- _________________________________________________________________________________ -->

  <settings>
  <!-- ??? -->
  <name>snake</name>
  <sprite_cells>
    <X>3</X>
    <Y>2</Y>
  </sprite_cells>
  <random_count>5</random_count>
  <position>
    <X>214</X>
    <Y>194</Y>
  </position>
  <home_screen>88</home_screen>

  <talk_animation>
    <frames>
      <AnimationFrame>
        <sprite_index>5</sprite_index>
        <duration>0.2</duration>
      </AnimationFrame>
      <AnimationFrame>
        <sprite_index>0</sprite_index>
        <duration>0.2</duration>
      </AnimationFrame>
    </frames>
  </talk_animation>

  <busy_animation>
    <frames>

      <AnimationFrame>
        <sprite_index>0</sprite_index>
        <duration>0.3</duration>
      </AnimationFrame>

    </frames>
  </busy_animation>

  <bubble_format>
    <direction>Right</direction>
    <anchor>
      <X>Left</X>
      <Y>Down</Y>
    </anchor>
    <width>160</width>
  </bubble_format>

  <trigger_box>
    <screen_rect>
      <X>216</X>
      <Y>240</Y>
      <Width>48</Width>
      <Height>16</Height>
    </screen_rect>
  </trigger_box>

  <talk_delay>1</talk_delay>
  <talking_speed>0.09</talking_speed>

  <intro_quote>
    <lines>
      <string>SNAKE_QUOTES_WEAKER_MEN_NOT_BEEN_LUCKY_LINE_0</string>
      <string>SNAKE_QUOTES_WEAKER_MEN_NOT_BEEN_LUCKY_LINE_1</string>
      <string>SNAKE_QUOTES_WEAKER_MEN_NOT_BEEN_LUCKY_LINE_2</string>
      <string>SNAKE_QUOTES_WEAKER_MEN_NOT_BEEN_LUCKY_LINE_3</string>
      <string>SNAKE_QUOTES_WEAKER_MEN_NOT_BEEN_LUCKY_LINE_4</string>
    </lines>
  </intro_quote>

  <!--victory_quote>
    <lines>
      <string>SNAKE_QUOTES_BEINGS_OF_ABSOLUTE_WILL_LINE_0</string>
      <string>SNAKE_QUOTES_BEINGS_OF_ABSOLUTE_WILL_LINE_1</string>
      <string>SNAKE_QUOTES_BEINGS_OF_ABSOLUTE_WILL_LINE_2</string>
      <string>SNAKE_QUOTES_BEINGS_OF_ABSOLUTE_WILL_LINE_3</string>
      <string>SNAKE_QUOTES_BEINGS_OF_ABSOLUTE_WILL_LINE_4</string>
      <string>SNAKE_QUOTES_BEINGS_OF_ABSOLUTE_WILL_LINE_5</string>
    </lines>
  </victory_quote!-->

  <!--achievements>
    <OldmanTalkAchievement>
      <code>TALK_MERCHANT_10</code>
      <talk_times>4</talk_times>
    </OldmanTalkAchievement>
  </achievements-->

  <screens>

    <OldManScreen>
      <screen>88</screen>
      <quotes>

        <OldManQuote>
          <lines>
            <string>SNAKE_QUOTES_DOT_DOT_DOT_LINE_0</string>
          </lines>
        </OldManQuote>

        <OldManQuote>
          <lines>
            <string>SNAKE_QUOTES_WEAK_WITLESS_COMMANDED_LINE_0</string>
            <string>SNAKE_QUOTES_WEAK_WITLESS_COMMANDED_LINE_1</string>
            <string>SNAKE_QUOTES_WEAK_WITLESS_COMMANDED_LINE_2</string>
          </lines>
        </OldManQuote>

        <OldManQuote>
          <lines>
            <string>SNAKE_QUOTES_MEN_FROM_THE_MUDDY_BELOW_LINE_0</string>
            <string>SNAKE_QUOTES_MEN_FROM_THE_MUDDY_BELOW_LINE_1</string>
            <string>SNAKE_QUOTES_MEN_FROM_THE_MUDDY_BELOW_LINE_2</string>
          </lines>
        </OldManQuote>

        <OldManQuote>
          <lines>
            <string>SNAKE_QUOTES_MEANDER_WITH_NO_DIRECTION_LINE_0</string>
            <string>SNAKE_QUOTES_MEANDER_WITH_NO_DIRECTION_LINE_1</string>
          </lines>
        </OldManQuote>

        <OldManQuote>
          <lines>
            <string>SNAKE_QUOTES_MAN_HAS_PROPENSITY_LINE_0</string>
            <string>SNAKE_QUOTES_MAN_HAS_PROPENSITY_LINE_1</string>
            <string>SNAKE_QUOTES_MAN_HAS_PROPENSITY_LINE_2</string>
          </lines>
        </OldManQuote>

        <OldManQuote>
          <lines>
            <string>SNAKE_QUOTES_FATE_OF_MANKIND_LINE_0</string>
            <string>SNAKE_QUOTES_FATE_OF_MANKIND_LINE_1</string>
          </lines>
        </OldManQuote>

      </quotes>
    </OldManScreen>


  </screens>
  </settings>
</MerchantSettings>